{
    "Rain of Chaos": 1000.0,
    "The Lover": 523.0187871503136,
    "Emperor's Luck": 441.3169117283849,
    "Destined to Crumble": 398.136103930318,
    "The Scholar": 386.6020120856865,
    "The King's Blade": 352.66658982760606,
    "The Metalsmith's Gift": 281.64259957518976,
    "Loyalty": 263.29178535557276,
    "The Flora's Gift": 251.44484876426324,
    "The Catalyst": 209.9435232904681,
    "Three Faces in the Dark": 194.17779460919104,
    "The Carrion Crow": 191.27986432417302,
    "The Doppelganger": 176.00810103238766,
    "The Gemcutter": 171.01081784202987,
    "The Scarred Meadow": 147.52276357169907,
    "The Hermit": 144.88004873791843,
    "The Harvester": 142.63250621573115,
    "Lantador's Lost Love": 139.46289496649268,
    "The Witch": 132.64617259150708,
    "Rats": 126.29871733653862,
    "The Sword King's Salute": 121.1203135033672,
    "Rain Tempter": 116.54290089407735,
    "Doedre's Madness": 113.406220670805,
    "Prosperity": 106.54833451336177,
    "The Opulent": 102.16027530337708,
    "The Journalist": 101.49342202756327,
    "Imperial Legacy": 100.4890257355968,
    "Three Voices": 97.17945762600233,
    "The Arena Champion": 96.8501473663412,
    "The Blazing Fire": 96.35618197684948,
    "Vinia's Token": 91.30950224754253,
    "The Sun": 90.65911448471176,
    "Glimmer of Hope": 89.21838209869428,
    "Dark Temptation": 87.46480496599871,
    "The Warden": 87.1437274628291,
    "The Demoness": 86.03230533647276,
    "Thunderous Skies": 84.61627121992986,
    "The Void": 82.73920273986135,
    "Assassin's Favour": 82.58278036652231,
    "Her Mask": 80.25291027941975,
    "The Adventuring Spirit": 79.17441917902953,
    "The Chains that Bind": 77.18209210807963,
    "The Tireless Extractor": 76.26825613751997,
    "The Visionary": 76.11183376418093,
    "The Army of Blood": 74.75342894307872,
    "Lost Worlds": 72.80226565458646,
    "Hunter's Resolve": 70.42299902853473,
    "The Wrath": 68.35657714916108,
    "Gemcutter's Promise": 67.33571534421155,
    "Struck by Lightning": 66.17489667890604,
    "Boon of Justice": 65.30222449080401,
    "The Master Artisan": 65.01407801360051,
    "Lucky Connections": 64.58597467604103,
    "The Sigil": 64.29782819883754,
    "The Cache": 62.15731151104013,
    "The Lunaris Priestess": 61.87739779032816,
    "The Explorer": 58.92183820986943,
    "The Survivalist": 58.64192448915746,
    "The Web": 57.670459223157096,
    "A Sea of Blue": 57.39877825893666,
    "The Tower": 57.11886453822469,
    "Alone in the Darkness": 56.978907677868705,
    "Thirst for Knowledge": 56.70722671364826,
    "The Inventor": 55.332356379563,
    "The Stormcaller": 54.65727034725767,
    "The Summoner": 54.65727034725767,
    "The Inoculated": 54.38558938303723,
    "Volatile Power": 54.24563252268124,
    "The Standoff": 53.84222745459635,
    "The Trial": 52.49205538998567,
    "The Cartographer": 52.08865032190078,
    "Last Hope": 51.15834883835806,
    "Time-Lost Relic": 51.0266247344936,
    "The Battle Born": 49.437702731628605,
    "Mitts": 49.17425452389969,
    "The Dragon": 48.77908221230633,
    "The Gladiator": 47.86524624174666,
    "The Aesthete": 46.44921212520376,
    "The Gambler": 45.54360891113563,
    "Boundless Realms": 45.4201175637627,
    "The Endurance": 44.275764411440235,
    "The Twins": 43.76533350896547,
    "Hubris": 43.139644015609306,
    "The Penitent": 42.63744586962607,
    "Shard of Fate": 42.513954522253144,
    "The Rabid Rhoa": 42.25873907101576,
    "The Union": 41.888265028896974,
    "The Wolf": 41.139084188167885,
    "The Skeleton": 40.7686101460491,
    "The Mountain": 39.54192942881136,
    "The Wretched": 39.426670837929954,
    "The Surveyor": 39.056196795811175,
    "Sambodhi's Vow": 39.056196795811175,
    "The Risk": 38.94093820492977,
    "The Wolf's Shadow": 38.57046416281099,
    "The Body": 38.455205571929596,
    "The Lich": 38.208222877183736,
    "Jack in the Box": 38.09296428630234,
    "The Calling": 36.65223190028485,
    "Cartographer's Delight": 36.29822337114913,
    "The Surgeon": 35.590206312877676,
    "The Lion": 32.10775031696112,
    "The Jeweller's Boon": 32.10775031696112,
    "Chaotic Disposition": 30.97986267762172,
    "The Porcupine": 30.197750810926514,
    "Acclimatisation": 29.860207794773846,
    "The Fool": 28.864044259298897,
    "Society's Remorse": 28.53473399963776,
    "The Valkyrie": 28.098397905586747,
    "Cursed Words": 27.126932639586386,
    "The Watcher": 27.019906805196516,
    "Left to Fate": 26.591803467637035,
    "Grave Knowledge": 24.171373059127657,
    "Azure Rage": 24.064347224737787,
    "The Wilted Rose": 23.751502478059702,
    "Coveted Possession": 23.241071575584936,
    "Humility": 22.73064067311017,
    "The One With All": 22.02262361483872,
    "Might is Right": 21.726244381143694,
    "The Dapper Prodigy": 21.528658225347012,
    "The Hoarder": 20.92766700146543,
    "The Coming Storm": 20.631287767770406,
    "The Puzzle": 20.44193436846525,
    "The Cataclysm": 20.145555134770223,
    "The Rite of Elements": 20.145555134770223,
    "The Drunken Aristocrat": 19.947968978973538,
    "The Ruthless Ceinture": 19.857408657566726,
    "The Betrayal": 19.470469102464886,
    "The Forsaken": 19.470469102464886,
    "Lysah's Respite": 19.272882946668204,
    "The Archmage's Right Hand": 18.984736469464707,
    "No Traces": 18.51546934944758,
    "Hope": 17.758055752226962,
    "Gift of the Gemling Queen": 17.017107667989396,
    "Scholar of the Seas": 16.926547346582584,
    "The Feast": 16.926547346582584,
    "Forbidden Power": 16.83598702517577,
    "Blind Venture": 16.83598702517577,
    "Prejudice": 16.5560733044638,
    "The Scavenger": 16.374952661650173,
    "The Beast": 16.28439234024336,
    "The Fox": 16.103271697429733,
    "The Poet": 15.650470090395666,
    "The Heroic Shot": 15.559909768988852,
    "The Wolf's Legacy": 15.477582204073569,
    "The Fletcher": 15.387021882666755,
    "Call to the First Ones": 14.761332389310589,
    "The Pack Leader": 14.242668730344294,
    "Emperor of Purity": 13.979220522615382,
    "The Admirer": 13.378229298733801,
    "The Easy Stroll": 13.131246603987947,
    "The Deceiver": 12.958358717665849,
    "Alivia's Grace": 12.703143266428466,
    "The Oath": 12.62081570151318,
    "Heterochromia": 12.538488136597895,
    "Broken Truce": 11.879867617275616,
    "The Price of Protection": 11.394134984275436,
    "Earth Drinker": 11.31180741936015,
    "Death": 11.073057481105824,
    "The Insatiable": 11.073057481105824,
    "Guardian's Challenge": 10.916635107766782,
    "The Card Sharp": 10.751979977936212,
    "The Golden Era": 10.677885169512455,
    "Triskaidekaphobia": 10.677885169512455,
    "The Messenger": 10.595557604597172,
    "The Wolverine": 10.595557604597172,
    "Dialla's Subjugation": 10.43913523125813,
    "The Master": 10.282712857919089,
    "Ever-Changing": 10.282712857919089,
    "The Fathomless Depths": 10.052195676156291,
    "The Fortunate": 9.895773302817249,
    "The Gentleman": 9.895773302817249,
    "The Traitor": 9.821678494393494,
    "The Forward Gaze": 9.591161312630694,
    "The Mercenary": 9.434738939291654,
    "The Incantation": 9.434738939291654,
    "The Lord in Black": 9.212454514020385,
    "Underground Forest": 9.138359705596628,
    "The Saint's Treasure": 9.06426489717287,
    "Vile Power": 8.916075280325359,
    "Atziri's Arsenal": 8.619696046630333,
    "Lingering Remnants": 8.619696046630333,
    "The Innocent": 8.47150642978282,
    "The Deal": 8.323316812935307,
    "The Dark Mage": 8.323316812935307,
    "Buried Treasure": 8.183359952579323,
    "The Landing": 8.109265144155566,
    "The Patient": 8.03517033573181,
    "The Dreamland": 7.969308283799582,
    "Sambodhi's Wisdom": 7.6811618065960845,
    "The Realm": 7.261291225528131,
    "Man With Bear": 7.261291225528131,
    "The Undaunted": 7.055472313239919,
    "A Mother's Parting Gift": 6.8496534009517065,